"id_evento";"id_igreja";"dia";"mes";"ord";"dia_semana";"hora_inicio";"minuto_inicio";"hora_fim";"minuto_fim";"id_tipoevento";"id_usuario";"observacao";"last_modified"
29344;198484;0;0;0;0;9;0;-1;-1;1;2;"";"2013-08-12 16:56:08"
29345;198484;0;0;0;2;18;0;-1;-1;1;2;"";"2013-08-12 16:56:08"
29346;198484;0;0;0;0;8;30;-1;-1;2;2;"";"2013-08-12 16:56:08"
29347;198484;0;0;0;2;18;30;-1;-1;2;2;"";"2013-08-12 16:56:08"
29348;198492;0;0;0;0;9;0;-1;-1;1;2;"(Bilingual)";"2013-08-12 16:56:58"
29349;198492;0;0;0;3;17;30;-1;-1;1;2;"";"2013-08-12 16:56:58"
29350;198492;0;0;0;5;17;30;-1;-1;1;2;"";"2013-08-12 16:56:58"
29351;198492;0;0;0;0;8;0;-1;-1;2;2;"";"2013-08-12 16:56:58"
29352;198511;0;0;0;0;11;0;-1;-1;1;2;"(English)";"2013-08-12 16:58:52"
29353;198494;0;0;0;0;9;0;-1;-1;1;2;"";"2013-08-12 17:00:12"
29354;198494;0;0;0;0;11;0;-1;-1;1;2;"";"2013-08-12 17:00:12"
29355;198494;0;0;0;6;18;0;-1;-1;1;2;"";"2013-08-12 17:00:12"
29356;198494;0;0;0;2;17;30;18;0;2;2;"(Convent)";"2013-08-12 17:00:12"
29357;198494;0;0;0;3;17;30;18;0;2;2;"(Convent)";"2013-08-12 17:00:12"
29358;198494;0;0;0;4;17;30;18;0;2;2;"(Convent)";"2013-08-12 17:00:12"
29359;198494;0;0;0;5;17;30;18;0;2;2;"(Convent)";"2013-08-12 17:00:12"
29360;198494;0;0;0;6;17;0;18;0;2;2;"(Church)";"2013-08-12 17:00:12"
29361;198493;0;0;0;0;13;0;-1;-1;1;2;"(Español)";"2013-08-12 17:00:40"
29362;198489;0;0;0;0;8;0;-1;-1;1;2;"(Español)";"2013-08-12 17:02:22"
29363;198489;0;0;0;0;10;0;-1;-1;1;2;"(English)";"2013-08-12 17:02:22"
29364;198489;0;0;0;1;18;0;-1;-1;1;2;"";"2013-08-12 17:02:22"
29365;198489;0;0;0;2;18;0;-1;-1;1;2;"";"2013-08-12 17:02:22"
29366;198489;0;0;0;3;18;0;-1;-1;1;2;"";"2013-08-12 17:02:22"
29367;198489;0;0;0;4;18;0;-1;-1;1;2;"";"2013-08-12 17:02:22"
29368;198489;0;0;0;5;18;0;-1;-1;1;2;"";"2013-08-12 17:02:22"
29369;198489;0;0;0;6;18;0;-1;-1;1;2;"(English)";"2013-08-12 17:02:22"
29370;198489;0;0;0;0;7;30;-1;-1;2;2;"(Español)";"2013-08-12 17:02:22"
29371;198489;0;0;0;0;10;30;-1;-1;2;2;"(English)";"2013-08-12 17:02:22"
29372;198489;0;0;0;1;17;30;-1;-1;2;2;"";"2013-08-12 17:02:22"
29373;198489;0;0;0;2;17;30;-1;-1;2;2;"";"2013-08-12 17:02:22"
29374;198489;0;0;0;3;17;30;-1;-1;2;2;"";"2013-08-12 17:02:22"
29375;198489;0;0;0;4;17;30;-1;-1;2;2;"";"2013-08-12 17:02:22"
29376;198489;0;0;0;5;17;30;-1;-1;2;2;"";"2013-08-12 17:02:22"
29377;198489;0;0;0;6;17;30;-1;-1;2;2;"(English)";"2013-08-12 17:02:22"
29378;198474;0;0;0;0;7;0;-1;-1;1;2;"(Español)";"2013-08-12 17:05:02"
29379;198474;0;0;0;0;9;0;-1;-1;1;2;"(English)";"2013-08-12 17:05:02"
29380;198474;0;0;0;0;11;0;-1;-1;1;2;"(Español)";"2013-08-12 17:05:02"
29381;198474;0;0;0;1;7;0;-1;-1;1;2;"";"2013-08-12 17:05:02"
29382;198474;0;0;0;2;7;0;-1;-1;1;2;"";"2013-08-12 17:05:02"
29383;198474;0;0;0;3;7;0;-1;-1;1;2;"";"2013-08-12 17:05:02"
29384;198474;0;0;0;4;19;0;-1;-1;1;2;"";"2013-08-12 17:05:02"
29385;198474;0;0;0;5;19;0;-1;-1;1;2;"";"2013-08-12 17:05:02"
29386;198474;0;0;0;6;18;0;-1;-1;1;2;"";"2013-08-12 17:05:02"
29387;198474;0;0;0;6;8;0;-1;-1;1;2;"";"2013-08-12 17:05:02"
29388;198474;0;0;0;1;6;30;-1;-1;2;2;"";"2013-08-12 17:05:02"
29389;198474;0;0;0;2;6;30;-1;-1;2;2;"";"2013-08-12 17:05:02"
29390;198474;0;0;0;3;6;30;-1;-1;2;2;"";"2013-08-12 17:05:02"
29391;198474;0;0;0;4;18;30;-1;-1;2;2;"";"2013-08-12 17:05:02"
29392;198474;0;0;0;5;18;30;-1;-1;2;2;"";"2013-08-12 17:05:02"
29393;198474;0;0;0;6;16;45;17;45;2;2;"";"2013-08-12 17:05:02"
29394;198512;0;0;0;0;8;0;-1;-1;1;2;"";"2013-08-12 17:06:08"
29395;198512;0;0;0;0;12;0;-1;-1;1;2;"";"2013-08-12 17:06:08"
29396;198512;0;0;0;2;18;30;-1;-1;1;2;"";"2013-08-12 17:06:08"
29397;198512;0;0;0;4;18;30;-1;-1;1;2;"";"2013-08-12 17:06:08"
29398;198512;0;0;0;6;18;30;-1;-1;1;2;"";"2013-08-12 17:06:08"
29399;198512;0;0;0;0;7;30;-1;-1;2;2;"";"2013-08-12 17:06:08"
29400;198512;0;0;0;0;11;30;-1;-1;2;2;"";"2013-08-12 17:06:08"
29401;198512;0;0;0;2;18;0;-1;-1;2;2;"";"2013-08-12 17:06:08"
29402;198512;0;0;0;4;18;0;-1;-1;2;2;"";"2013-08-12 17:06:08"
29403;198512;0;0;0;6;18;0;-1;-1;2;2;"";"2013-08-12 17:06:08"
29404;198481;0;0;0;0;8;30;-1;-1;1;2;"(English)";"2013-08-12 17:07:09"
29405;198481;0;0;0;6;18;30;-1;-1;1;2;"(Spanish)";"2013-08-12 17:07:09"
29406;198481;0;0;0;0;7;45;8;15;2;2;"(English or Spanish)";"2013-08-12 17:07:09"
29407;198481;0;0;0;6;17;30;18;45;2;2;"(English or Spanish)";"2013-08-12 17:07:09"
29408;198509;0;0;0;0;17;0;-1;-1;1;2;"(Español)";"2013-08-12 17:07:35"
29409;198509;0;0;0;0;16;30;-1;-1;2;2;"";"2013-08-12 17:07:35"
29410;198488;0;0;0;0;8;0;-1;-1;1;2;"(English)";"2013-08-12 17:09:50"
29411;198488;0;0;0;0;11;0;-1;-1;1;2;"(English)";"2013-08-12 17:09:50"
29412;198488;0;0;0;1;7;0;-1;-1;1;2;"(Español)";"2013-08-12 17:09:50"
29413;198488;0;0;0;1;18;0;-1;-1;1;2;"(English)";"2013-08-12 17:09:50"
29414;198488;0;0;0;2;7;0;-1;-1;1;2;"(Español)";"2013-08-12 17:09:50"
29415;198488;0;0;0;2;12;15;-1;-1;1;2;"(English)";"2013-08-12 17:09:50"
29416;198488;0;0;0;3;7;0;-1;-1;1;2;"(Español)";"2013-08-12 17:09:50"
29417;198488;0;0;0;3;18;0;-1;-1;1;2;"(English)";"2013-08-12 17:09:50"
29418;198488;0;0;0;4;7;0;-1;-1;1;2;"(Español)";"2013-08-12 17:09:50"
29419;198488;0;0;0;4;12;15;-1;-1;1;2;"(English)";"2013-08-12 17:09:50"
29420;198488;0;0;0;5;7;0;-1;-1;1;2;"(Español)";"2013-08-12 17:09:50"
29421;198488;0;0;0;5;18;0;-1;-1;1;2;"(English)";"2013-08-12 17:09:50"
29422;198488;0;0;0;6;18;0;-1;-1;1;2;"(Español)";"2013-08-12 17:09:50"
29423;198488;0;0;0;6;7;0;-1;-1;1;2;"(Español)";"2013-08-12 17:09:50"
29424;198483;0;0;0;0;11;0;-1;-1;1;2;"";"2013-08-12 17:11:29"
29425;198483;0;0;0;0;18;0;-1;-1;1;2;"";"2013-08-12 17:11:29"
29426;198483;0;0;0;1;7;30;-1;-1;1;2;"";"2013-08-12 17:11:29"
29427;198483;0;0;0;3;7;0;-1;-1;1;2;"";"2013-08-12 17:11:29"
29428;198483;0;0;0;4;18;0;-1;-1;1;2;"";"2013-08-12 17:11:29"
29429;198483;0;0;0;5;7;30;-1;-1;1;2;"";"2013-08-12 17:11:29"
29430;198483;0;0;0;6;18;0;-1;-1;1;2;"(Español)";"2013-08-12 17:11:29"
29431;198483;0;0;0;4;18;30;-1;-1;2;2;"";"2013-08-12 17:11:29"
29432;198483;0;0;0;6;17;30;-1;-1;2;2;"";"2013-08-12 17:11:29"
29433;198482;0;0;0;0;9;30;-1;-1;1;2;"";"2013-08-12 17:12:07"
29434;198482;0;0;0;0;9;0;-1;-1;2;2;"";"2013-08-12 17:12:07"
29435;198482;0;0;0;0;10;30;-1;-1;2;2;"";"2013-08-12 17:12:07"
29436;198510;0;0;0;0;8;0;-1;-1;1;2;"(English or Spanish)";"2013-08-12 17:12:37"
29437;198485;0;0;0;0;8;0;-1;-1;1;2;"";"2013-08-12 17:13:22"
29438;198485;0;0;0;0;12;0;-1;-1;1;2;"";"2013-08-12 17:13:22"
29439;198485;0;0;0;2;18;0;-1;-1;1;2;"";"2013-08-12 17:13:22"
29440;198485;0;0;0;4;18;0;-1;-1;1;2;"";"2013-08-12 17:13:22"
29441;198485;0;0;0;6;18;0;-1;-1;1;2;"";"2013-08-12 17:13:22"
29442;198485;0;0;0;2;17;30;-1;-1;2;2;"";"2013-08-12 17:13:22"
29443;198485;0;0;0;4;17;30;-1;-1;2;2;"";"2013-08-12 17:13:22"
29444;198485;0;0;0;6;17;30;-1;-1;2;2;"";"2013-08-12 17:13:22"
29445;198486;0;0;0;0;8;0;-1;-1;1;2;"(Español)";"2013-08-12 17:15:44"
29446;198486;0;0;0;0;13;0;-1;-1;1;2;"(English)";"2013-08-12 17:15:44"
29447;198486;0;0;0;0;17;0;-1;-1;1;2;"(Español)";"2013-08-12 17:15:44"
29448;198486;0;0;0;1;18;0;-1;-1;1;2;"(Español)";"2013-08-12 17:15:44"
29449;198486;0;0;0;2;18;0;-1;-1;1;2;"(Español)";"2013-08-12 17:15:44"
29450;198486;0;0;0;3;18;0;-1;-1;1;2;"(Español)";"2013-08-12 17:15:44"
29451;198486;0;0;0;4;18;0;-1;-1;1;2;"(Español)";"2013-08-12 17:15:44"
29452;198486;0;0;0;5;18;0;-1;-1;1;2;"(Español)";"2013-08-12 17:15:44"
29453;198486;0;0;0;6;17;0;-1;-1;1;2;"(English)";"2013-08-12 17:15:44"
29454;198486;0;0;0;4;16;30;18;0;2;2;"(English &amp; Spanish)";"2013-08-12 17:15:44"
29455;198471;0;0;0;0;8;0;-1;-1;1;2;"(Español)";"2013-08-12 17:17:47"
29456;198471;0;0;0;0;10;0;-1;-1;1;2;"";"2013-08-12 17:17:47"
29457;198471;0;0;0;0;12;0;-1;-1;1;2;"";"2013-08-12 17:17:47"
29458;198471;0;0;0;0;17;0;-1;-1;1;2;"";"2013-08-12 17:17:47"
29459;198471;0;0;0;1;7;0;-1;-1;1;2;"";"2013-08-12 17:17:47"
29460;198471;0;0;0;1;18;0;-1;-1;1;2;"";"2013-08-12 17:17:47"
29461;198471;0;0;0;2;7;0;-1;-1;1;2;"";"2013-08-12 17:17:47"
29462;198471;0;0;0;2;18;0;-1;-1;1;2;"";"2013-08-12 17:17:47"
29463;198471;0;0;0;3;7;0;-1;-1;1;2;"";"2013-08-12 17:17:47"
29464;198471;0;0;0;3;18;0;-1;-1;1;2;"";"2013-08-12 17:17:47"
29465;198471;0;0;0;4;7;0;-1;-1;1;2;"";"2013-08-12 17:17:47"
29466;198471;0;0;0;4;18;0;-1;-1;1;2;"";"2013-08-12 17:17:47"
29467;198471;0;0;0;5;7;0;-1;-1;1;2;"";"2013-08-12 17:17:47"
29468;198471;0;0;0;5;18;0;-1;-1;1;2;"";"2013-08-12 17:17:47"
29469;198471;0;0;0;6;18;0;-1;-1;1;2;"";"2013-08-12 17:17:47"
29470;198471;0;0;1;6;9;0;-1;-1;1;2;"";"2013-08-12 17:17:47"
29471;198471;0;0;0;6;16;30;17;30;2;2;"";"2013-08-12 17:17:47"
29472;198480;0;0;0;0;9;0;-1;-1;1;2;"(Español)";"2013-08-12 17:20:30"
29473;198480;0;0;0;0;11;0;-1;-1;1;2;"(English)";"2013-08-12 17:20:30"
29474;198480;0;0;0;1;8;0;-1;-1;1;2;"(Español)";"2013-08-12 17:20:30"
29475;198480;0;0;0;2;8;0;-1;-1;1;2;"(Español)";"2013-08-12 17:20:30"
29476;198480;0;0;0;4;8;0;-1;-1;1;2;"(Español)";"2013-08-12 17:20:30"
29477;198480;0;0;0;4;9;30;-1;-1;1;2;"(St. Peter Memorial School Mass)";"2013-08-12 17:20:30"
29478;198480;0;0;0;5;8;0;-1;-1;1;2;"(Español)";"2013-08-12 17:20:30"
29479;198480;0;0;0;6;18;30;-1;-1;1;2;"(English)";"2013-08-12 17:20:30"
29480;198480;0;0;0;6;16;0;17;0;2;2;"";"2013-08-12 17:20:30"
29481;198496;0;0;0;0;8;0;-1;-1;1;2;"";"2013-08-12 17:22:47"
29482;198496;0;0;0;0;10;30;-1;-1;1;2;"";"2013-08-12 17:22:47"
29483;198496;0;0;0;0;12;0;-1;-1;1;2;"(Español)";"2013-08-12 17:22:47"
29484;198496;0;0;0;0;17;0;-1;-1;1;2;"(Español)";"2013-08-12 17:22:47"
29485;198496;0;0;0;2;18;30;-1;-1;1;2;"";"2013-08-12 17:22:47"
29486;198496;0;0;0;3;18;30;-1;-1;1;2;"";"2013-08-12 17:22:47"
29487;198496;0;0;0;4;18;30;-1;-1;1;2;"";"2013-08-12 17:22:47"
29488;198496;0;0;0;5;18;30;-1;-1;1;2;"";"2013-08-12 17:22:47"
29489;198496;0;0;0;6;17;0;-1;-1;1;2;"";"2013-08-12 17:22:47"
29490;198496;0;0;0;6;16;0;16;45;2;2;"";"2013-08-12 17:22:47"
29491;198501;0;0;0;0;9;0;-1;-1;1;2;"";"2013-08-12 17:24:08"
29492;198501;0;0;0;0;11;0;-1;-1;1;2;"";"2013-08-12 17:24:08"
29493;198501;0;0;0;0;17;0;-1;-1;1;2;"";"2013-08-12 17:24:08"
29494;198501;0;0;0;1;19;0;-1;-1;1;2;"";"2013-08-12 17:24:08"
29495;198501;0;0;0;2;19;0;-1;-1;1;2;"";"2013-08-12 17:24:08"
29496;198501;0;0;0;3;19;0;-1;-1;1;2;"";"2013-08-12 17:24:08"
29497;198501;0;0;0;4;19;0;-1;-1;1;2;"";"2013-08-12 17:24:08"
29498;198501;0;0;0;5;19;0;-1;-1;1;2;"";"2013-08-12 17:24:08"
29499;198501;0;0;0;6;17;0;-1;-1;1;2;"";"2013-08-12 17:24:08"
29500;198501;0;0;0;0;8;30;-1;-1;2;2;"";"2013-08-12 17:24:08"
29501;198501;0;0;0;0;10;30;-1;-1;2;2;"";"2013-08-12 17:24:08"
29502;198501;0;0;0;0;16;30;-1;-1;2;2;"";"2013-08-12 17:24:08"
29503;198501;0;0;0;1;18;30;-1;-1;2;2;"";"2013-08-12 17:24:08"
29504;198501;0;0;0;2;18;30;-1;-1;2;2;"";"2013-08-12 17:24:08"
29505;198501;0;0;0;3;18;30;-1;-1;2;2;"";"2013-08-12 17:24:08"
29506;198501;0;0;0;4;18;30;-1;-1;2;2;"";"2013-08-12 17:24:08"
29507;198501;0;0;0;5;18;30;-1;-1;2;2;"";"2013-08-12 17:24:08"
29508;198501;0;0;0;6;16;30;-1;-1;2;2;"";"2013-08-12 17:24:08"
29509;198473;0;0;0;0;10;0;-1;-1;1;2;"(Spanish)";"2013-08-12 19:52:15"
29510;198473;0;0;0;0;12;0;-1;-1;1;2;"(English)";"2013-08-12 19:52:15"
29511;198473;0;0;0;0;18;0;-1;-1;1;2;"(Spanish)";"2013-08-12 19:52:15"
29512;198473;0;0;0;2;18;0;-1;-1;1;2;"(Adoration Chapel)";"2013-08-12 19:52:15"
29513;198473;0;0;0;3;18;0;-1;-1;1;2;"(Adoration Chapel)";"2013-08-12 19:52:15"
29514;198473;0;0;0;4;18;0;-1;-1;1;2;"(Adoration Chapel)";"2013-08-12 19:52:15"
29515;198473;0;0;0;5;18;0;-1;-1;1;2;"(Adoration Chapel)";"2013-08-12 19:52:15"
29516;198473;0;0;0;6;17;0;-1;-1;1;2;"(English)";"2013-08-12 19:52:15"
29517;198473;0;0;0;6;15;30;16;30;2;2;"";"2013-08-12 19:52:15"
29518;198497;0;0;0;0;10;0;-1;-1;1;2;"(Español)";"2013-08-12 19:54:37"
29519;198497;0;0;0;0;12;0;-1;-1;1;2;"(English)";"2013-08-12 19:54:37"
29520;198497;0;0;0;2;8;0;-1;-1;1;2;"(Español)";"2013-08-12 19:54:37"
29521;198497;0;0;0;3;8;0;-1;-1;1;2;"(English)";"2013-08-12 19:54:37"
29522;198497;0;0;0;4;8;0;-1;-1;1;2;"(Español)";"2013-08-12 19:54:37"
29523;198497;0;0;0;5;8;0;-1;-1;1;2;"(English)";"2013-08-12 19:54:37"
29524;198497;0;0;0;6;16;30;-1;-1;1;2;"(Español)";"2013-08-12 19:54:37"
29525;198497;0;0;0;6;8;0;-1;-1;1;2;"(Español)";"2013-08-12 19:54:37"
29526;198498;0;0;0;0;8;0;-1;-1;1;2;"(Español)";"2013-08-12 19:57:26"
29527;198498;0;0;0;0;9;30;-1;-1;1;2;"(English)";"2013-08-12 19:57:26"
29528;198498;0;0;0;0;12;0;-1;-1;1;2;"(Español)";"2013-08-12 19:57:26"
29529;198498;0;0;0;0;17;30;-1;-1;1;2;"(Español)";"2013-08-12 19:57:26"
29530;198498;0;0;0;2;8;15;-1;-1;1;2;"";"2013-08-12 19:57:26"
29531;198498;0;0;0;3;8;15;-1;-1;1;2;"";"2013-08-12 19:57:26"
29532;198498;0;0;0;4;8;15;-1;-1;1;2;"";"2013-08-12 19:57:26"
29533;198498;0;0;0;5;18;30;-1;-1;1;2;"";"2013-08-12 19:57:26"
29534;198498;0;0;0;6;18;30;-1;-1;1;2;"";"2013-08-12 19:57:26"
29535;198498;0;0;0;0;7;30;-1;-1;2;2;"(Español)";"2013-08-12 19:57:26"
29536;198498;0;0;0;0;9;0;-1;-1;2;2;"(English)";"2013-08-12 19:57:26"
29537;198498;0;0;0;0;11;30;-1;-1;2;2;"(Español)";"2013-08-12 19:57:26"
29538;198498;0;0;0;0;17;0;-1;-1;2;2;"(Español)";"2013-08-12 19:57:26"
29539;198498;0;0;0;2;7;45;-1;-1;2;2;"";"2013-08-12 19:57:26"
29540;198498;0;0;0;3;7;45;-1;-1;2;2;"";"2013-08-12 19:57:26"
29541;198498;0;0;0;4;7;45;-1;-1;2;2;"";"2013-08-12 19:57:26"
29542;198498;0;0;0;5;18;0;-1;-1;2;2;"";"2013-08-12 19:57:26"
29543;198498;0;0;0;6;17;0;-1;-1;2;2;"";"2013-08-12 19:57:26"
29544;198498;0;0;0;6;18;0;-1;-1;2;2;"";"2013-08-12 19:57:26"
29545;198487;0;0;0;0;8;0;-1;-1;1;2;"(Español)";"2013-08-12 20:00:30"
29546;198487;0;0;0;0;10;0;-1;-1;1;2;"(Español)";"2013-08-12 20:00:30"
29547;198487;0;0;0;0;11;30;-1;-1;1;2;"(English)";"2013-08-12 20:00:30"
29548;198487;0;0;0;0;17;30;-1;-1;1;2;"(Español)";"2013-08-12 20:00:30"
29549;198487;0;0;0;1;17;30;-1;-1;1;2;"(Español)";"2013-08-12 20:00:30"
29550;198487;0;0;0;2;17;30;-1;-1;1;2;"(English)";"2013-08-12 20:00:30"
29551;198487;0;0;0;3;17;30;-1;-1;1;2;"(Español)";"2013-08-12 20:00:30"
29552;198487;0;0;0;4;17;30;-1;-1;1;2;"(English)";"2013-08-12 20:00:30"
29553;198487;0;0;0;5;17;30;-1;-1;1;2;"(Español)";"2013-08-12 20:00:30"
29554;198487;0;0;0;6;17;30;-1;-1;1;2;"(Español)";"2013-08-12 20:00:30"
29555;198487;0;0;0;6;16;0;17;0;2;2;"";"2013-08-12 20:00:30"
29556;198475;0;0;0;0;11;0;-1;-1;1;2;"";"2013-08-12 20:01:39"
29557;198475;0;0;0;0;10;30;-1;-1;2;2;"";"2013-08-12 20:01:39"
29558;198475;0;0;0;0;12;0;-1;-1;2;2;"";"2013-08-12 20:01:39"
29559;198507;0;0;0;0;9;0;-1;-1;1;2;"(Español)";"2013-08-12 20:04:55"
29560;198507;0;0;0;0;10;30;-1;-1;1;2;"(English)";"2013-08-12 20:04:55"
29561;198507;0;0;0;0;12;0;-1;-1;1;2;"(English)";"2013-08-12 20:04:55"
29562;198507;0;0;0;0;16;0;-1;-1;1;2;"(Español)";"2013-08-12 20:04:55"
29563;198507;0;0;0;0;18;0;-1;-1;1;2;"(English)";"2013-08-12 20:04:55"
29564;198507;0;0;0;1;7;0;-1;-1;1;2;"(Español)";"2013-08-12 20:04:55"
29565;198507;0;0;0;1;18;0;-1;-1;1;2;"(English)";"2013-08-12 20:04:55"
29566;198507;0;0;0;2;7;0;-1;-1;1;2;"(Español)";"2013-08-12 20:04:55"
29567;198507;0;0;0;2;18;0;-1;-1;1;2;"(English)";"2013-08-12 20:04:55"
29568;198507;0;0;0;3;7;0;-1;-1;1;2;"(Español)";"2013-08-12 20:04:55"
29569;198507;0;0;0;3;18;0;-1;-1;1;2;"(English)";"2013-08-12 20:04:55"
29570;198507;0;0;0;4;7;0;-1;-1;1;2;"(Español)";"2013-08-12 20:04:55"
29571;198507;0;0;0;4;18;0;-1;-1;1;2;"(English)";"2013-08-12 20:04:55"
29572;198507;0;0;0;5;7;0;-1;-1;1;2;"(Español)";"2013-08-12 20:04:55"
29573;198507;0;0;0;5;18;0;-1;-1;1;2;"(English)";"2013-08-12 20:04:55"
29574;198507;0;0;0;6;17;0;-1;-1;1;2;"(English)";"2013-08-12 20:04:55"
29575;198507;0;0;0;0;8;30;-1;-1;2;2;"(Español)";"2013-08-12 20:04:55"
29576;198507;0;0;0;0;10;0;-1;-1;2;2;"(English)";"2013-08-12 20:04:55"
29577;198507;0;0;0;0;11;30;-1;-1;2;2;"(English)";"2013-08-12 20:04:55"
29578;198507;0;0;0;0;15;30;-1;-1;2;2;"(Español)";"2013-08-12 20:04:55"
29579;198507;0;0;0;0;17;30;-1;-1;2;2;"(English)";"2013-08-12 20:04:55"
29580;198507;0;0;0;1;6;30;-1;-1;2;2;"(Español)";"2013-08-12 20:04:55"
29581;198507;0;0;0;1;17;30;-1;-1;2;2;"(English)";"2013-08-12 20:04:55"
29582;198507;0;0;0;2;6;30;-1;-1;2;2;"(Español)";"2013-08-12 20:04:55"
29583;198507;0;0;0;2;17;30;-1;-1;2;2;"(English)";"2013-08-12 20:04:55"
29584;198507;0;0;0;3;6;30;-1;-1;2;2;"(Español)";"2013-08-12 20:04:55"
29585;198507;0;0;0;3;17;30;-1;-1;2;2;"(English)";"2013-08-12 20:04:55"
29586;198507;0;0;0;4;6;30;-1;-1;2;2;"(Español)";"2013-08-12 20:04:55"
29587;198507;0;0;0;4;17;30;-1;-1;2;2;"(English)";"2013-08-12 20:04:55"
29588;198507;0;0;0;5;6;30;-1;-1;2;2;"(Español)";"2013-08-12 20:04:55"
29589;198507;0;0;0;5;17;30;-1;-1;2;2;"(English)";"2013-08-12 20:04:55"
29590;198507;0;0;0;6;16;0;17;0;2;2;"";"2013-08-12 20:04:55"
29591;198506;0;0;0;0;8;0;-1;-1;1;2;"(Español)";"2013-08-12 20:08:08"
29592;198506;0;0;0;0;10;0;-1;-1;1;2;"(Bilingual)";"2013-08-12 20:08:08"
29593;198506;0;0;0;0;12;0;-1;-1;1;2;"(Español)";"2013-08-12 20:08:08"
29594;198506;0;0;0;0;18;30;-1;-1;1;2;"(Español)";"2013-08-12 20:08:08"
29595;198506;0;0;0;2;19;0;-1;-1;1;2;"(Español)";"2013-08-12 20:08:08"
29596;198506;0;0;0;3;19;0;-1;-1;1;2;"(Español)";"2013-08-12 20:08:08"
29597;198506;0;0;0;4;19;0;-1;-1;1;2;"(Español)";"2013-08-12 20:08:08"
29598;198506;0;0;0;5;19;0;-1;-1;1;2;"(Español)";"2013-08-12 20:08:08"
29599;198506;0;0;0;6;18;30;-1;-1;1;2;"(English)";"2013-08-12 20:08:08"
29600;198506;0;0;0;0;7;30;-1;-1;2;2;"";"2013-08-12 20:08:08"
29601;198506;0;0;0;0;9;30;-1;-1;2;2;"";"2013-08-12 20:08:08"
29602;198506;0;0;0;0;11;30;-1;-1;2;2;"";"2013-08-12 20:08:08"
29603;198506;0;0;0;0;18;0;-1;-1;2;2;"";"2013-08-12 20:08:08"
29604;198506;0;0;0;2;18;30;-1;-1;2;2;"";"2013-08-12 20:08:08"
29605;198506;0;0;0;3;18;30;-1;-1;2;2;"";"2013-08-12 20:08:08"
29606;198506;0;0;0;4;18;30;-1;-1;2;2;"";"2013-08-12 20:08:08"
29607;198506;0;0;0;5;18;30;-1;-1;2;2;"";"2013-08-12 20:08:08"
29608;198506;0;0;0;6;17;30;18;30;2;2;"";"2013-08-12 20:08:08"
29609;198500;0;0;0;0;8;0;-1;-1;1;2;"";"2013-08-12 20:10:19"
29610;198500;0;0;0;0;9;30;-1;-1;1;2;"";"2013-08-12 20:10:19"
29611;198500;0;0;0;0;12;30;-1;-1;1;2;"";"2013-08-12 20:10:19"
29612;198500;0;0;0;0;18;30;-1;-1;1;2;"";"2013-08-12 20:10:19"
29613;198500;0;0;0;0;20;0;-1;-1;1;2;"";"2013-08-12 20:10:19"
29614;198500;0;0;0;0;11;0;-1;-1;1;2;"(English)";"2013-08-12 20:10:19"
29615;198500;0;0;0;1;7;30;-1;-1;1;2;"";"2013-08-12 20:10:19"
29616;198500;0;0;0;1;18;30;-1;-1;1;2;"";"2013-08-12 20:10:19"
29617;198500;0;0;0;2;7;30;-1;-1;1;2;"";"2013-08-12 20:10:19"
29618;198500;0;0;0;2;18;30;-1;-1;1;2;"";"2013-08-12 20:10:19"
29619;198500;0;0;0;3;7;30;-1;-1;1;2;"";"2013-08-12 20:10:19"
29620;198500;0;0;0;3;18;30;-1;-1;1;2;"";"2013-08-12 20:10:19"
29621;198500;0;0;0;4;7;30;-1;-1;1;2;"";"2013-08-12 20:10:19"
29622;198500;0;0;0;4;18;30;-1;-1;1;2;"";"2013-08-12 20:10:19"
29623;198500;0;0;0;5;7;30;-1;-1;1;2;"";"2013-08-12 20:10:19"
29624;198500;0;0;0;5;18;30;-1;-1;1;2;"";"2013-08-12 20:10:19"
29625;198500;0;0;0;6;7;30;-1;-1;1;2;"";"2013-08-12 20:10:19"
29626;198500;0;0;0;6;17;30;-1;-1;1;2;"";"2013-08-12 20:10:19"
29627;198500;0;0;0;2;18;0;18;25;2;2;"";"2013-08-12 20:10:19"
29628;198500;0;0;0;4;18;0;18;25;2;2;"";"2013-08-12 20:10:19"
29629;198503;0;0;0;0;8;0;-1;-1;1;2;"(Español)";"2013-08-12 20:11:58"
29630;198503;0;0;0;0;10;0;-1;-1;1;2;"(English)";"2013-08-12 20:11:58"
29631;198503;0;0;0;0;12;0;-1;-1;1;2;"(Español)";"2013-08-12 20:11:58"
29632;198503;0;0;0;1;8;30;-1;-1;1;2;"";"2013-08-12 20:11:58"
29633;198503;0;0;0;2;8;30;-1;-1;1;2;"";"2013-08-12 20:11:58"
29634;198503;0;0;0;3;8;30;-1;-1;1;2;"";"2013-08-12 20:11:58"
29635;198503;0;0;0;4;8;30;-1;-1;1;2;"";"2013-08-12 20:11:58"
29636;198503;0;0;0;5;8;30;-1;-1;1;2;"";"2013-08-12 20:11:58"
29637;198503;0;0;0;6;18;0;-1;-1;1;2;"";"2013-08-12 20:11:58"
29638;198503;0;0;0;1;8;0;8;25;2;2;"";"2013-08-12 20:11:58"
29639;198503;0;0;0;2;8;0;8;25;2;2;"";"2013-08-12 20:11:58"
29640;198503;0;0;0;3;8;0;8;25;2;2;"";"2013-08-12 20:11:58"
29641;198503;0;0;0;4;8;0;8;25;2;2;"";"2013-08-12 20:11:58"
29642;198503;0;0;0;5;8;0;8;25;2;2;"";"2013-08-12 20:11:58"
29643;198503;0;0;0;6;17;0;17;50;2;2;"";"2013-08-12 20:11:58"
29644;198479;0;0;0;0;9;0;-1;-1;1;2;"";"2013-08-12 20:13:46"
29645;198479;0;0;0;0;11;0;-1;-1;1;2;"";"2013-08-12 20:13:46"
29646;198479;0;0;0;0;13;0;-1;-1;1;2;"";"2013-08-12 20:13:46"
29647;198479;0;0;0;0;18;0;-1;-1;1;2;"(Español)";"2013-08-12 20:13:46"
29648;198479;0;0;0;1;12;5;-1;-1;1;2;"";"2013-08-12 20:13:46"
29649;198479;0;0;0;2;12;5;-1;-1;1;2;"";"2013-08-12 20:13:46"
29650;198479;0;0;0;3;12;5;-1;-1;1;2;"";"2013-08-12 20:13:46"
29651;198479;0;0;0;4;12;5;-1;-1;1;2;"";"2013-08-12 20:13:46"
29652;198479;0;0;0;5;12;5;-1;-1;1;2;"";"2013-08-12 20:13:46"
29653;198479;0;0;0;6;18;0;-1;-1;1;2;"(Español)";"2013-08-12 20:13:46"
29654;198479;0;0;0;1;11;45;12;0;2;2;"";"2013-08-12 20:13:46"
29655;198479;0;0;0;2;11;45;12;0;2;2;"";"2013-08-12 20:13:46"
29656;198479;0;0;0;3;11;45;12;0;2;2;"";"2013-08-12 20:13:46"
29657;198479;0;0;0;4;11;45;12;0;2;2;"";"2013-08-12 20:13:46"
29658;198479;0;0;0;5;11;45;12;0;2;2;"";"2013-08-12 20:13:46"
29659;198479;0;0;0;6;16;30;17;30;2;2;"";"2013-08-12 20:13:46"
29660;198502;0;0;0;0;8;0;-1;-1;1;2;"(Español)";"2013-08-12 20:16:03"
29661;198502;0;0;0;0;10;0;-1;-1;1;2;"(English)";"2013-08-12 20:16:03"
29662;198502;0;0;0;0;12;0;-1;-1;1;2;"(Español)";"2013-08-12 20:16:03"
29663;198502;0;0;0;0;18;30;-1;-1;1;2;"(Jovenes - Español)";"2013-08-12 20:16:03"
29664;198502;0;0;0;2;18;10;-1;-1;1;2;"";"2013-08-12 20:16:03"
29665;198502;0;0;0;3;18;10;-1;-1;1;2;"";"2013-08-12 20:16:03"
29666;198502;0;0;0;4;18;10;-1;-1;1;2;"";"2013-08-12 20:16:03"
29667;198502;0;0;0;5;18;10;-1;-1;1;2;"";"2013-08-12 20:16:03"
29668;198502;0;0;0;2;18;10;-1;-1;2;2;"";"2013-08-12 20:16:03"
29669;198502;0;0;0;3;18;10;-1;-1;2;2;"";"2013-08-12 20:16:03"
29670;198502;0;0;0;4;18;10;-1;-1;2;2;"";"2013-08-12 20:16:03"
29671;198502;0;0;0;5;18;10;-1;-1;2;2;"";"2013-08-12 20:16:03"
29672;198502;0;0;0;6;18;0;-1;-1;2;2;"";"2013-08-12 20:16:03"
29673;198472;0;0;0;0;8;0;-1;-1;1;2;"(Español)";"2013-08-12 20:19:45"
29674;198472;0;0;0;0;10;0;-1;-1;1;2;"(Español)";"2013-08-12 20:19:45"
29675;198472;0;0;0;0;17;30;-1;-1;1;2;"(Español)";"2013-08-12 20:19:45"
29676;198472;0;0;0;0;11;30;-1;-1;1;2;"(English)";"2013-08-12 20:19:45"
29677;198472;0;0;0;1;5;30;-1;-1;1;2;"(Español)";"2013-08-12 20:19:45"
29678;198472;0;0;0;2;17;30;-1;-1;1;2;"(English)";"2013-08-12 20:19:45"
29679;198472;0;0;0;3;5;30;-1;-1;1;2;"(Español)";"2013-08-12 20:19:45"
29680;198472;0;0;0;4;17;30;-1;-1;1;2;"(English)";"2013-08-12 20:19:45"
29681;198472;0;0;0;5;5;30;-1;-1;1;2;"(Español)";"2013-08-12 20:19:45"
29682;198472;0;0;0;6;17;30;-1;-1;1;2;"(English)";"2013-08-12 20:19:45"
29683;198472;0;0;0;1;11;40;-1;-1;2;2;"";"2013-08-12 20:19:45"
29684;198472;0;0;0;2;11;40;-1;-1;2;2;"";"2013-08-12 20:19:45"
29685;198472;0;0;0;3;11;40;-1;-1;2;2;"";"2013-08-12 20:19:45"
29686;198472;0;0;0;4;11;40;-1;-1;2;2;"";"2013-08-12 20:19:45"
29687;198472;0;0;0;5;11;40;-1;-1;2;2;"";"2013-08-12 20:19:45"
29688;198472;0;0;0;6;17;0;-1;-1;2;2;"";"2013-08-12 20:19:45"
29689;198477;0;0;0;0;10;30;-1;-1;1;2;"(Español)";"2013-08-12 20:20:28"
29690;198477;0;0;0;0;10;0;-1;-1;2;2;"";"2013-08-12 20:20:28"
29691;198478;0;0;0;0;9;30;-1;-1;1;2;"";"2013-08-12 20:22:09"
29692;198478;0;0;0;0;12;30;-1;-1;1;2;"";"2013-08-12 20:22:09"
29693;198478;0;0;0;0;18;30;-1;-1;1;2;"";"2013-08-12 20:22:09"
29694;198478;0;0;0;2;8;30;-1;-1;1;2;"";"2013-08-12 20:22:09"
29695;198478;0;0;0;3;8;30;-1;-1;1;2;"";"2013-08-12 20:22:09"
29696;198478;0;0;0;4;8;30;-1;-1;1;2;"";"2013-08-12 20:22:09"
29697;198478;0;0;0;6;20;0;-1;-1;1;2;"";"2013-08-12 20:22:09"
29698;198478;0;0;0;0;9;0;-1;-1;2;2;"";"2013-08-12 20:22:09"
29699;198478;0;0;0;0;12;0;-1;-1;2;2;"";"2013-08-12 20:22:09"
29700;198478;0;0;0;0;18;0;-1;-1;2;2;"";"2013-08-12 20:22:09"
29701;198505;0;0;0;0;9;30;-1;-1;1;2;"";"2013-08-12 20:22:43"
29702;198505;0;0;0;3;18;0;-1;-1;1;2;"";"2013-08-12 20:22:43"
29703;198476;0;0;0;0;8;30;-1;-1;1;2;"(Español)";"2013-08-12 20:24:42"
29704;198476;0;0;0;0;10;30;-1;-1;1;2;"(English)";"2013-08-12 20:24:42"
29705;198476;0;0;0;0;12;30;-1;-1;1;2;"(English)";"2013-08-12 20:24:42"
29706;198476;0;0;0;0;18;30;-1;-1;1;2;"(English)";"2013-08-12 20:24:42"
29707;198476;0;0;0;2;17;30;-1;-1;1;2;"(English)";"2013-08-12 20:24:42"
29708;198476;0;0;0;3;17;30;-1;-1;1;2;"(English)";"2013-08-12 20:24:42"
29709;198476;0;0;0;4;17;30;-1;-1;1;2;"(Spanish)";"2013-08-12 20:24:42"
29710;198476;0;0;0;5;17;30;-1;-1;1;2;"(English)";"2013-08-12 20:24:42"
29711;198476;0;0;0;6;18;30;-1;-1;1;2;"(English)";"2013-08-12 20:24:42"
29712;198476;0;0;0;6;17;0;18;0;2;2;"";"2013-08-12 20:24:42"
29713;198513;0;0;0;0;11;0;-1;-1;1;2;"";"2013-08-12 20:26:49"
29714;198515;0;0;0;0;10;0;-1;-1;1;2;"";"2013-08-12 20:28:46"
29715;198514;0;0;0;6;18;0;-1;-1;1;2;"";"2013-08-12 20:29:10"
29716;198491;0;0;0;0;11;0;-1;-1;1;2;"(English)";"2013-08-12 20:31:50"
29717;198491;0;0;0;2;18;30;-1;-1;1;2;"";"2013-08-12 20:31:50"
29718;198491;0;0;0;3;18;30;-1;-1;1;2;"";"2013-08-12 20:31:50"
29719;198491;0;0;0;4;18;30;-1;-1;1;2;"";"2013-08-12 20:31:50"
29720;198491;0;0;0;5;18;30;-1;-1;1;2;"";"2013-08-12 20:31:50"
29721;198491;0;0;0;6;18;0;-1;-1;1;2;"(Español)";"2013-08-12 20:31:50"
29722;198491;0;0;0;6;17;0;-1;-1;2;2;"";"2013-08-12 20:31:50"
30358;198522;0;0;0;0;8;30;-1;-1;1;2;"(Español)";"2013-09-12 13:30:35"
30359;198522;0;0;0;0;11;0;-1;-1;1;2;"(Bilingual)";"2013-09-12 13:30:35"
30360;198522;0;0;0;0;18;30;-1;-1;1;2;"(Español)";"2013-09-12 13:30:35"
30361;198522;0;0;0;1;18;30;-1;-1;1;2;"";"2013-09-12 13:30:35"
30362;198522;0;0;0;2;18;30;-1;-1;1;2;"";"2013-09-12 13:30:35"
30363;198522;0;0;0;3;18;30;-1;-1;1;2;"";"2013-09-12 13:30:35"
30364;198522;0;0;0;4;18;30;-1;-1;1;2;"";"2013-09-12 13:30:35"
30365;198522;0;0;0;5;18;30;-1;-1;1;2;"";"2013-09-12 13:30:35"
30366;198522;0;0;0;6;18;30;-1;-1;1;2;"(Español)";"2013-09-12 13:30:35"
30367;198522;0;0;0;1;18;0;-1;-1;2;2;"";"2013-09-12 13:30:35"
30368;198522;0;0;0;2;18;0;-1;-1;2;2;"";"2013-09-12 13:30:35"
30369;198522;0;0;0;3;18;0;-1;-1;2;2;"";"2013-09-12 13:30:35"
30370;198522;0;0;0;4;18;0;-1;-1;2;2;"";"2013-09-12 13:30:35"
30371;198522;0;0;0;5;18;0;-1;-1;2;2;"";"2013-09-12 13:30:35"
30374;198527;0;0;0;0;9;0;-1;-1;1;2;"(Español)";"2013-09-12 13:34:33"
30375;198527;0;0;0;0;11;0;-1;-1;1;2;"(English)";"2013-09-12 13:34:33"
30376;198527;0;0;0;0;12;30;-1;-1;1;2;"(English)";"2013-09-12 13:34:33"
30377;198527;0;0;0;2;18;30;-1;-1;1;2;"(Español)";"2013-09-12 13:34:33"
30378;198527;0;0;0;3;18;30;-1;-1;1;2;"(Español)";"2013-09-12 13:34:33"
30379;198527;0;0;0;4;18;30;-1;-1;1;2;"(Español)";"2013-09-12 13:34:33"
30380;198527;0;0;0;5;18;30;-1;-1;1;2;"(Español)";"2013-09-12 13:34:33"
30381;198527;0;0;0;6;18;30;-1;-1;1;2;"(Español)";"2013-09-12 13:34:33"
30382;198527;0;0;0;6;17;0;18;0;2;2;"";"2013-09-12 13:34:33"
30383;198526;0;0;0;6;9;0;-1;-1;1;2;"(Español)";"2013-09-12 13:35:14"
30384;198526;0;0;0;6;8;30;-1;-1;2;2;"";"2013-09-12 13:35:14"
30385;198523;0;0;0;6;18;30;-1;-1;1;2;"(Español)";"2013-09-12 13:36:38"
30386;198523;0;0;0;6;18;0;-1;-1;2;2;"";"2013-09-12 13:36:38"
30387;198525;0;0;0;0;12;30;-1;-1;1;2;"(Español)";"2013-09-12 13:37:41"
30388;198525;0;0;0;6;18;0;-1;-1;1;2;"(Español)";"2013-09-12 13:37:41"
30389;198525;0;0;0;0;12;0;-1;-1;2;2;"";"2013-09-12 13:37:41"
30390;198525;0;0;0;6;17;30;-1;-1;2;2;"";"2013-09-12 13:37:41"
30391;198524;0;0;0;0;9;0;-1;-1;1;2;"(Bilingual)";"2013-09-12 13:38:19"
30392;198524;0;0;0;0;8;30;-1;-1;2;2;"";"2013-09-12 13:38:19"
30533;198532;0;0;0;0;8;0;-1;-1;1;2;"(Español)";"2013-09-26 16:22:52"
30534;198532;0;0;0;0;10;0;-1;-1;1;2;"(English)";"2013-09-26 16:22:52"
30535;198532;0;0;0;0;12;0;-1;-1;1;2;"(Español)";"2013-09-26 16:22:52"
30536;198532;0;0;0;0;17;30;-1;-1;1;2;"(Español)";"2013-09-26 16:22:52"
30537;198532;0;0;0;1;8;30;-1;-1;1;2;"(Español)";"2013-09-26 16:22:52"
30538;198532;0;0;0;2;8;30;-1;-1;1;2;"(Español)";"2013-09-26 16:22:52"
30539;198532;0;0;0;3;8;30;-1;-1;1;2;"(Español)";"2013-09-26 16:22:52"
30540;198532;0;0;0;4;8;30;-1;-1;1;2;"(Español)";"2013-09-26 16:22:52"
30541;198532;0;0;0;5;8;30;-1;-1;1;2;"(Español)";"2013-09-26 16:22:52"
30542;198532;0;0;0;6;17;30;-1;-1;1;2;"(Español)";"2013-09-26 16:22:52"
30543;198532;0;0;0;6;16;0;-1;-1;2;2;"";"2013-09-26 16:22:52"
